Model,MAE,RMSE,R²
Linear Regression,8175.158123796195,10050.329546461364,0.9984329674996041
Ridge Regression,8216.932982424547,10120.072380351956,0.9984111436408718
Lasso Regression,8175.232052974585,10053.455499583479,0.9984319925600461
Random Forest,16104.872328565454,19846.153812431105,0.993889593471695
Gradient Boosting,11501.749490511604,14662.663640934657,0.9966646367192078
Extra Trees,14012.052750413262,17334.72222509317,0.9953382264563079
